req_id,system,class,source,text,numbers_count,units_count,explicit_quantifiers,modal_score,strong_modal,weak_modal,actor_score,actor_specific,vague_lex_hits,comparative_unanchored,open_quantifier,num_present,unit_present,kpi_near,std_present,cue_score,L,sim_spec_sys,sim_vague_sys,M_raw_sys,M_sys,w_L_sys,w_M_sys,bank_Q_sys,bank_shrink_a_sys,VB_size_sys,SB_size_sys,S_final_sys
ecommerce_a_001,ecommerce,a,unchanged,The product shall be available during normal business hours. As long as the user has access to the client PC  the system will be available 99% of the time during the first six months of operation.,1,1,1,1.0,1,0,0.0,0,1,False,False,1,1,0,0,3.0,0.6,0.9335076808929443,0.8897526860237122,0.5218775272369385,0.5004829663526396,0.8,0.2,1.0220759113865556,0.04415182277311125,10.0,32.0,0.5800965932705279
ecommerce_a_002,ecommerce,a,merge_accept,The product shall be available for use 24 hours per day  365 days  per year,2,4,0,1.0,1,0,0.0,0,0,False,False,1,1,1,0,7.0,1.0,0.9041663408279419,0.8684632778167725,0.5178515315055847,0.5003940888276316,0.8,0.2,1.0220759113865556,0.04415182277311125,10.0,32.0,0.9000788177655263
ecommerce_a_003,ecommerce,a,unchanged,The product shall adhere to the corporate online availability schedule.  The application is brought down only within 98% of the scheduled outages per the availability schedule.,1,2,2,1.0,1,0,0.0,0,0,False,False,1,1,0,0,6.0,1.0,0.9054516553878784,0.8708783388137817,0.5172866582870483,0.5003816187365145,0.8,0.2,1.0220759113865556,0.04415182277311125,10.0,32.0,0.900076323747303
ecommerce_a_004,ecommerce,a,unchanged,The product shall achieve a 98% uptime. The product shall not fail more than 2% of the available online time.,2,0,0,1.0,1,0,0.0,0,0,False,False,1,0,0,0,3.0,0.6,0.9220181703567505,0.8744951486587524,0.523761510848999,0.5005245570079132,0.8,0.2,1.0220759113865556,0.04415182277311125,10.0,32.0,0.5801049114015826
ecommerce_a_005,ecommerce,a,unchanged,Aside from server failure  the software product shall achieve 99.99% up time.,1,0,1,1.0,1,0,0.0,0,0,False,False,1,0,0,0,3.0,0.6,0.8959685564041138,0.8672407865524292,0.5143638849258423,0.5003170958507895,0.8,0.2,1.0220759113865556,0.04415182277311125,10.0,32.0,0.5800634191701579
ecommerce_a_007,ecommerce,a,unchanged,The product shall be available 99% of the time. Rationale: To avoid service interruption during busiest customer service response periods. The product shall be available 99.99% of the time for regular business days.,2,0,2,1.0,1,0,1.0,1,0,False,False,1,0,0,0,6.0,1.0,0.9163477420806885,0.8611960411071777,0.5275758504867554,0.5012175240635091,0.8,0.2,1.0220759113865556,0.04415182277311125,10.0,32.0,0.9002435048127019
ecommerce_f_001,ecommerce,f,unchanged,The product shall allow the user to save the property search results.,0,0,1,1.0,1,0,0.0,0,0,False,False,0,0,0,0,2.75,0.55,0.8537895679473877,0.8725688457489014,0.49061036109924316,0.4997927151636751,0.8,0.2,1.0220759113865556,0.04415182277311125,10.0,32.0,0.539958543032735
ecommerce_f_002,ecommerce,f,unchanged,The Disputes System must allow the user to create three unique types of ticket retrieval requests.  The three types of ticket retrieval requests are (1) Request for original receipt (2) Request for a copy of the receipt or (3) Request for a portfolio. A portfolio consists of documentation that would provide proof of a purchase such as the documentation that is received from a car rental agency that is more than a sales receipt.,3,0,2,1.0,1,0,0.0,0,0,False,False,1,0,0,0,6.75,1.0,0.8436480760574341,0.8421238660812378,0.5007621049880981,0.5000168241621845,0.8,0.2,1.0220759113865556,0.04415182277311125,10.0,32.0,0.9000033648324369
ecommerce_f_003,ecommerce,f,unchanged,The adjuster shall review the collision estimate.,0,0,0,1.0,1,0,1.0,1,0,False,False,0,0,0,0,2.0,0.4,0.8379215002059937,0.8180206418037415,0.5099503993988037,0.5002196641353889,0.8,0.2,1.0220759113865556,0.04415182277311125,10.0,32.0,0.42004393282707786
ecommerce_f_004,ecommerce,f,unchanged,The product shall record meeting entries.,0,0,0,1.0,1,0,0.0,0,0,False,False,0,0,0,0,1.25,0.25,0.8625204563140869,0.9012901186943054,0.48061516880989075,0.4995720621844038,0.8,0.2,1.0220759113865556,0.04415182277311125,10.0,32.0,0.2999144124368808
ecommerce_f_005,ecommerce,f,unchanged,The product will notify employees of meeting invitations.,0,0,0,0.75,0,0,0.0,0,0,False,False,0,0,0,0,1.0,0.2,0.8427789211273193,0.876132071018219,0.48332342505455017,0.499631849409273,0.8,0.2,1.0220759113865556,0.04415182277311125,10.0,32.0,0.25992636988185464
ecommerce_f_006,ecommerce,f,unchanged,The product shall have the ability to send meeting reminders to employees.,0,0,2,1.0,1,0,0.0,0,0,False,False,0,0,0,0,3.25,0.65,0.8651158809661865,0.8979991674423218,0.4835583567619324,0.4996370357408271,0.8,0.2,1.0220759113865556,0.04415182277311125,10.0,32.0,0.6199274071481654
ecommerce_f_007,ecommerce,f,unchanged,The product shall assign the organizers contact information to each meeting they create.,0,0,1,1.0,1,0,1.0,1,0,False,False,0,0,0,0,3.25,0.65,0.8612837791442871,0.8882331848144531,0.486525297164917,0.49970253365425255,0.8,0.2,1.0220759113865556,0.04415182277311125,10.0,32.0,0.6199405067308505
ecommerce_f_008,ecommerce,f,unchanged,The product will record meeting acknowledgements.,0,0,0,0.75,0,0,0.0,0,0,False,False,0,0,0,1,2.0,0.4,0.8342078328132629,0.8758902549743652,0.47915878891944885,0.49953991127099723,0.8,0.2,1.0220759113865556,0.04415182277311125,10.0,32.0,0.4199079822541995
ecommerce_f_009,ecommerce,f,unchanged,The product shall store new conference rooms.,0,0,1,1.0,1,0,0.0,0,0,False,False,0,0,0,0,2.25,0.45,0.8510382175445557,0.8775762319564819,0.48673099279403687,0.4997070745727336,0.8,0.2,1.0220759113865556,0.04415182277311125,10.0,32.0,0.45994141491454676
ecommerce_f_010,ecommerce,f,unchanged,The product shall update existing conference rooms.,0,0,0,1.0,1,0,0.0,0,0,False,False,0,0,0,0,1.25,0.25,0.8474102020263672,0.8767173290252686,0.4853464365005493,0.49967650923068885,0.8,0.2,1.0220759113865556,0.04415182277311125,10.0,32.0,0.2999353018461378
ecommerce_f_011,ecommerce,f,unchanged,The product will be able to delete conference rooms.,0,0,1,0.75,0,0,0.0,0,0,False,False,0,0,0,0,2.0,0.4,0.8446811437606812,0.8589632511138916,0.4928589463233948,0.49984235473182864,0.8,0.2,1.0220759113865556,0.04415182277311125,10.0,32.0,0.4199684709463658
ecommerce_f_012,ecommerce,f,unchanged,The product shall be able to store new room equipment.,0,0,2,1.0,1,0,0.0,0,0,False,False,0,0,0,0,3.25,0.65,0.868719220161438,0.8843400478363037,0.49218958616256714,0.4998275779962325,0.8,0.2,1.0220759113865556,0.04415182277311125,10.0,32.0,0.6199655155992465
ecommerce_f_013,ecommerce,f,unchanged,The product will update existing room equipment.,0,0,0,0.75,0,0,0.0,0,0,False,False,0,0,0,0,1.0,0.2,0.8411129713058472,0.8607975840568542,0.49015769362449646,0.49978272211661506,0.8,0.2,1.0220759113865556,0.04415182277311125,10.0,32.0,0.25995654442332305
ecommerce_f_014,ecommerce,f,unchanged,The product shall be able to delete room equipment.,0,0,1,1.0,1,0,0.0,0,0,False,False,0,0,0,0,2.25,0.45,0.8649100065231323,0.8719874024391174,0.49646130204200745,0.4999218800174556,0.8,0.2,1.0220759113865556,0.04415182277311125,10.0,32.0,0.4599843760034912
ecommerce_f_015,ecommerce,f,unchanged,The product shall allow an organizer to invite other employees to meetings.,0,0,2,1.0,1,0,1.0,1,0,False,False,0,0,0,0,4.5,0.9,0.8488397002220154,0.8862510323524475,0.48129433393478394,0.4995870553735178,0.8,0.2,1.0220759113865556,0.04415182277311125,10.0,32.0,0.8199174110747036
ecommerce_f_016,ecommerce,f,unchanged,The product shall record the transportation status of equipment reserved.,0,0,0,1.0,1,0,0.0,0,0,False,False,0,0,0,0,1.25,0.25,0.8561255931854248,0.8650930523872375,0.49551627039909363,0.4999010175826491,0.8,0.2,1.0220759113865556,0.04415182277311125,10.0,32.0,0.2999802035165298
ecommerce_f_017,ecommerce,f,unchanged,The product shall display a map of the company building showing conference room locations.,0,0,0,1.0,1,0,0.0,0,0,False,False,0,0,0,0,1.25,0.25,0.8442507982254028,0.8828561305999756,0.4806973338127136,0.4995738760517252,0.8,0.2,1.0220759113865556,0.04415182277311125,10.0,32.0,0.29991477521034504
ecommerce_f_018,ecommerce,f,unchanged,The product shall record updated meeting agendas.,0,0,0,1.0,1,0,0.0,0,0,False,False,0,0,0,0,1.25,0.25,0.8568369150161743,0.8931534886360168,0.48184171319007874,0.49959913926945254,0.8,0.2,1.0220759113865556,0.04415182277311125,10.0,32.0,0.29991982785389054
ecommerce_f_019,ecommerce,f,unchanged,The product shall send a meeting confirmation to the meeting organizer.,0,0,1,1.0,1,0,1.0,1,0,False,False,0,0,0,0,3.25,0.65,0.8586039543151855,0.890741229057312,0.48393136262893677,0.4996452701852937,0.8,0.2,1.0220759113865556,0.04415182277311125,10.0,32.0,0.6199290540370588
ecommerce_f_020,ecommerce,f,unchanged,The product shall display room equipment according to search parameters.,0,0,1,1.0,1,0,0.0,0,0,False,False,0,0,0,0,2.25,0.45,0.8619253635406494,0.8873546719551086,0.4872853457927704,0.4997193124204105,0.8,0.2,1.0220759113865556,0.04415182277311125,10.0,32.0,0.45994386248408214
ecommerce_f_021,ecommerce,f,unchanged,The product shall display conference rooms according to search parameters.,0,0,1,1.0,1,0,0.0,0,0,False,False,0,0,0,0,2.25,0.45,0.8547089695930481,0.8966387510299683,0.4790351092815399,0.49953718093027044,0.8,0.2,1.0220759113865556,0.04415182277311125,10.0,32.0,0.4599074361860541
ecommerce_f_022,ecommerce,f,unchanged,The product shall record different meeting types.,0,0,0,1.0,1,0,0.0,0,0,False,True,0,0,0,0,1.25,0.25,0.8649622797966003,0.9196417331695557,0.47266027331352234,0.49879290123267334,0.8,0.2,1.0220759113865556,0.04415182277311125,10.0,32.0,0.2997585802465347
ecommerce_f_023,ecommerce,f,unchanged,The product shall record all the equipment that has been reserved.,0,0,0,1.0,1,0,0.0,0,0,False,False,0,0,0,0,1.25,0.25,0.8577147722244263,0.8685193061828613,0.49459773302078247,0.4998807400328803,0.8,0.2,1.0220759113865556,0.04415182277311125,10.0,32.0,0.29997614800657607
ecommerce_f_024,ecommerce,f,unchanged,The product shall notify building personnel of equipment transport requests.,0,0,0,1.0,1,0,0.0,0,0,False,False,0,0,0,0,1.25,0.25,0.8522626161575317,0.8693796992301941,0.4914414584636688,0.4998110623954458,0.8,0.2,1.0220759113865556,0.04415182277311125,10.0,32.0,0.29996221247908916
ecommerce_f_025,ecommerce,f,unchanged,The product will allow priviledged users to view meeting schedules in multiple reporting views.,0,0,1,0.75,0,0,0.0,0,0,False,True,0,0,0,1,3.5,0.7,0.851681113243103,0.8899611234664917,0.48085999488830566,0.49957746694321603,0.8,0.2,1.0220759113865556,0.04415182277311125,10.0,32.0,0.6599154933886432
ecommerce_f_026,ecommerce,f,unchanged,The product shall be able to send meeting notifications via different kinds of end-user specified methods.,0,0,1,1.0,1,0,0.0,0,0,False,True,0,0,0,0,2.25,0.45,0.8669331073760986,0.9189469814300537,0.47399306297302246,0.49885174632551343,0.8,0.2,1.0220759113865556,0.04415182277311125,10.0,32.0,0.45977034926510274
ecommerce_f_027,ecommerce,f,unchanged,The product shall have a customizable Look and Feel.,0,0,1,1.0,1,0,0.0,0,0,False,False,0,0,0,0,2.0,0.4,0.8621190190315247,0.8901244401931763,0.4859972894191742,0.4996908774020461,0.8,0.2,1.0220759113865556,0.04415182277311125,10.0,32.0,0.4199381754804093
ecommerce_f_028,ecommerce,f,unchanged,The product shall have an intuitive user interface.,0,0,0,1.0,1,0,0.0,0,1,False,False,0,0,0,0,0.0,0.0,0.8803164958953857,0.9240622520446777,0.478127121925354,0.4995171362818552,0.8,0.2,1.0220759113865556,0.04415182277311125,10.0,32.0,0.09990342725637104
ecommerce_f_029,ecommerce,f,unchanged,The product will display an available status for unreserved conference rooms.,0,0,0,0.75,0,0,0.0,0,0,False,False,0,0,0,0,1.0,0.2,0.853306770324707,0.882522702217102,0.4853920340538025,0.49967751583823394,0.8,0.2,1.0220759113865556,0.04415182277311125,10.0,32.0,0.2599355031676468
ecommerce_f_030,ecommerce,f,unchanged,The System shall allow generation of Inventory Quantity Adjustment documents on demand.,0,0,1,1.0,1,0,0.0,0,0,False,False,0,0,0,0,2.0,0.4,0.8703563213348389,0.8709399700164795,0.4997081756591797,0.4999935577117116,0.8,0.2,1.0220759113865556,0.04415182277311125,10.0,32.0,0.41999871154234236
ecommerce_f_031,ecommerce,f,unchanged,The System shall allow on demand generation of all Inventory Quantity Adjustment documents since certain point of time.,0,0,1,1.0,1,0,0.0,0,0,False,False,0,0,0,0,2.0,0.4,0.8773131370544434,0.8677444458007812,0.504784345626831,0.5001056187901006,0.8,0.2,1.0220759113865556,0.04415182277311125,10.0,32.0,0.4200211237580202
ecommerce_f_032,ecommerce,f,unchanged,The System shall allow entering  storing and modifying product formulas.,0,0,1,1.0,1,0,0.0,0,0,False,False,0,0,0,0,2.0,0.4,0.8717935085296631,0.8820897340774536,0.49485188722610474,0.4998863507185955,0.8,0.2,1.0220759113865556,0.04415182277311125,10.0,32.0,0.41997727014371916
ecommerce_f_033,ecommerce,f,unchanged,Product formulas shall allow use of semi-products  which have own formulas.,0,0,0,1.0,1,0,0.0,0,0,False,False,0,0,0,0,1.0,0.2,0.8631913065910339,0.873373806476593,0.49490875005722046,0.4998876060174164,0.8,0.2,1.0220759113865556,0.04415182277311125,10.0,32.0,0.25997752120348333
ecommerce_f_034,ecommerce,f,unchanged,Product formula ingredients shall allow defining substitutionary ingredients.,0,0,0,1.0,1,0,0.0,0,0,False,False,0,0,0,0,1.0,0.2,0.8587296009063721,0.8631547689437866,0.4977874159812927,0.4999511551912677,0.8,0.2,1.0220759113865556,0.04415182277311125,10.0,32.0,0.2599902310382536
ecommerce_f_035,ecommerce,f,unchanged,Product formula substitutionary ingredients shall be entered automatically by the PFE subsystem.,0,0,1,1.0,1,0,0.0,0,0,False,False,0,0,0,0,2.0,0.4,0.8573665618896484,0.8521052598953247,0.5026306509971619,0.5000580740183023,0.8,0.2,1.0220759113865556,0.04415182277311125,10.0,32.0,0.4200116148036605
ecommerce_f_036,ecommerce,f,unchanged,Formula substitutionary ingredients shall be kept in persisted order,0,0,0,1.0,1,0,0.0,0,0,False,False,0,0,0,0,1.0,0.2,0.8238343596458435,0.8002446889877319,0.5117948055267334,0.5002603810816298,0.8,0.2,1.0220759113865556,0.04415182277311125,10.0,32.0,0.260052076216326
ecommerce_f_037,ecommerce,f,unchanged,Product shall allow entering  storing and modifying product menus used by POS terminals.,0,0,1,1.0,1,0,0.0,0,0,False,False,0,0,0,0,2.0,0.4,0.8706662654876709,0.8780507445335388,0.49630776047706604,0.4999184904474738,0.8,0.2,1.0220759113865556,0.04415182277311125,10.0,32.0,0.4199836980894948
ecommerce_f_038,ecommerce,f,unchanged,PME Subsystem shall allow building product menus based on the list of products kept in the accounting system.,0,0,0,1.0,1,0,0.0,0,0,False,False,0,0,0,0,1.0,0.2,0.8582020998001099,0.8666143417358398,0.495793879032135,0.49990714604623226,0.8,0.2,1.0220759113865556,0.04415182277311125,10.0,32.0,0.2599814292092465
ecommerce_f_039,ecommerce,f,unchanged,PME Subsystem shall allow keeping submenus within menus and products within submenus in a managed and persisted order.,0,0,2,1.0,1,0,0.0,0,0,False,False,0,0,0,0,3.0,0.6,0.8625069856643677,0.8587580919265747,0.5018744468688965,0.5000413801229766,0.8,0.2,1.0220759113865556,0.04415182277311125,10.0,32.0,0.5800082760245953
ecommerce_f_040,ecommerce,f,unchanged,PME Subsystem shall allow for a product to exist in more than one submenu,0,0,1,1.0,1,0,0.0,0,0,False,False,0,0,0,0,2.5,0.5,0.8524891138076782,0.8606699109077454,0.49590960144996643,0.49990970072407376,0.8,0.2,1.0220759113865556,0.04415182277311125,10.0,32.0,0.4999819401448148
ecommerce_f_041,ecommerce,f,unchanged,The System shall generate Inventory Quantity Adjustment document based on product daily sales data and product formulas.,0,0,1,1.0,1,0,0.0,0,0,False,False,0,0,0,0,2.25,0.45,0.8734503984451294,0.8695911765098572,0.5019296407699585,0.5000425985786455,0.8,0.2,1.0220759113865556,0.04415182277311125,10.0,32.0,0.46000851971572915
ecommerce_f_042,ecommerce,f,unchanged,The System shall generate Inventory Quantity Adjustment document automatically when daily Product Sales data is available.,0,0,2,1.0,1,0,0.0,0,0,False,False,0,0,0,0,3.25,0.65,0.879152774810791,0.8687489628791809,0.5052019357681274,0.5001148374730557,0.8,0.2,1.0220759113865556,0.04415182277311125,10.0,32.0,0.6200229674946112
ecommerce_f_043,ecommerce,f,unchanged,shall be able to stream purchased movie via Windows Media Player  for up to 2 days aftere purchase date.,1,1,3,1.0,1,0,1.0,1,0,False,False,1,1,1,0,7.0,1.0,0.8704719543457031,0.8287354707717896,0.5208682417869568,0.500460685456482,0.8,0.2,1.0220759113865556,0.04415182277311125,10.0,32.0,0.9000921370912964
ecommerce_f_044,ecommerce,f,unchanged,Website shall allow customers to add their own movie review for a selected movie.,0,0,2,1.0,1,0,1.0,1,0,False,False,0,0,0,0,4.5,0.9,0.8315533399581909,0.8485297560691833,0.4915117919445038,0.4998126150711362,0.8,0.2,1.0220759113865556,0.04415182277311125,10.0,32.0,0.8199625230142273
ecommerce_f_045,ecommerce,f,unchanged,Website shall allow the Izogn administrator to approve a review posted by a customer.,0,0,3,1.0,1,0,1.0,1,0,False,False,0,0,0,0,5.75,1.0,0.8584127426147461,0.8580857515335083,0.5001634955406189,0.5000036093130668,0.8,0.2,1.0220759113865556,0.04415182277311125,10.0,32.0,0.9000007218626134
ecommerce_f_046,ecommerce,f,unchanged,Only registered customers can purchase streaming movies.,0,0,1,0.5,0,1,1.0,1,0,False,False,0,0,0,0,2.5,0.5,0.8211569786071777,0.8174411654472351,0.5018578767776489,0.5000410143231105,0.8,0.2,1.0220759113865556,0.04415182277311125,10.0,32.0,0.5000082028646221
ecommerce_f_047,ecommerce,f,unchanged,Movies can only be streamed if the customer has purchased a movie  and is within the 2-day time period to stream the movie.,1,0,3,0.5,0,1,1.0,1,0,False,False,1,0,0,0,5.5,1.0,0.8553018569946289,0.8172804117202759,0.5190107226371765,0.5004196790283327,0.8,0.2,1.0220759113865556,0.04415182277311125,10.0,32.0,0.9000839358056666
ecommerce_f_048,ecommerce,f,unchanged,The leads washing functionality will return the lead data supplied to the vendor along with the reason of rejection.,0,0,1,0.75,0,0,0.0,0,0,False,False,0,0,0,0,1.75,0.35,0.8429915308952332,0.8390825986862183,0.5019544363021851,0.5000431459626177,0.8,0.2,1.0220759113865556,0.04415182277311125,10.0,32.0,0.38000862919252354
ecommerce_f_049,ecommerce,f,unchanged,The product shall maintain a list of players.,0,0,0,1.0,1,0,1.0,1,0,False,False,0,0,0,0,2.0,0.4,0.8638767004013062,0.878280758857727,0.49279797077178955,0.49984100864095465,0.8,0.2,1.0220759113865556,0.04415182277311125,10.0,32.0,0.419968201728191
ecommerce_f_050,ecommerce,f,unchanged,The product shall allow a user to identify himself or herself as a player.,0,0,1,1.0,1,0,1.0,1,0,False,False,0,0,0,0,3.5,0.7,0.8578304052352905,0.8865479230880737,0.4856412410736084,0.49968301731032005,0.8,0.2,1.0220759113865556,0.04415182277311125,10.0,32.0,0.659936603462064
ecommerce_f_051,ecommerce,f,unchanged,Once a game has been initiated  the product shall make the players assigned to the game unavailable for selection from the list of players.,0,0,2,1.0,1,0,1.0,1,0,False,False,0,0,0,0,4.0,0.8,0.8469486236572266,0.8312849998474121,0.5078318119049072,0.5001728943856089,0.8,0.2,1.0220759113865556,0.04415182277311125,10.0,32.0,0.7400345788771219
ecommerce_f_052,ecommerce,f,unchanged,The product shall allow a user to remove himself or herself from the list of players at any time.,0,0,2,1.0,1,0,1.0,1,0,False,False,0,0,0,0,4.5,0.9,0.8588348627090454,0.8587996959686279,0.5000175833702087,0.5000003881689226,0.8,0.2,1.0220759113865556,0.04415182277311125,10.0,32.0,0.8200000776337846
ecommerce_f_053,ecommerce,f,unchanged,The product shall make inactive players unavailable for selection from the list of players.,0,0,1,1.0,1,0,1.0,1,0,False,False,0,0,0,0,3.0,0.6,0.8410449624061584,0.8333632946014404,0.5038408041000366,0.5000847892509656,0.8,0.2,1.0220759113865556,0.04415182277311125,10.0,32.0,0.5800169578501931
ecommerce_f_054,ecommerce,f,unchanged,The product shall remove players who have been inactive for 24 hours from the list of players.,1,1,1,1.0,1,0,1.0,1,0,False,False,1,1,1,0,5.0,1.0,0.8819518685340881,0.8382506370544434,0.5218505859375,0.5004823715989005,0.8,0.2,1.0220759113865556,0.04415182277311125,10.0,32.0,0.9000964743197801
ecommerce_f_055,ecommerce,f,unchanged,The product shall allow a player to initiate a game by selecting another available player from the list of players.,0,0,2,1.0,1,0,1.0,1,0,False,False,0,0,0,0,4.5,0.9,0.8519191145896912,0.8675662279129028,0.49217644333839417,0.4998272878564107,0.8,0.2,1.0220759113865556,0.04415182277311125,10.0,32.0,0.8199654575712823
ecommerce_f_056,ecommerce,f,unchanged,Once a game is initiated  the product shall display a defensive grid to each player,0,0,1,1.0,1,0,1.0,1,0,False,False,0,0,0,0,3.25,0.65,0.8429906368255615,0.8348807096481323,0.5040549635887146,0.5000895170168602,0.8,0.2,1.0220759113865556,0.04415182277311125,10.0,32.0,0.620017903403372
ecommerce_f_057,ecommerce,f,unchanged,Once a game is initiated  the product shall display an offensive grid to each player.,0,0,1,1.0,1,0,1.0,1,0,False,False,0,0,0,0,3.25,0.65,0.8485651612281799,0.8466877937316895,0.5009386539459229,0.5000207216413328,0.8,0.2,1.0220759113865556,0.04415182277311125,10.0,32.0,0.6200041443282666
ecommerce_f_058,ecommerce,f,unchanged,The product shall prevent a player from viewing the offensive or defensive grids of the other player.,0,0,1,1.0,1,0,1.0,1,0,False,False,0,0,0,0,3.0,0.6,0.8321970701217651,0.8357956409454346,0.4982007145881653,0.4999602791346892,0.8,0.2,1.0220759113865556,0.04415182277311125,10.0,32.0,0.5799920558269378
ecommerce_f_059,ecommerce,f,unchanged,Once a game is initiated  the product shall allow each player to position their 5 ships on their respective defensive grids.,1,0,1,1.0,1,0,1.0,1,0,False,False,1,0,0,0,4.5,0.9,0.8560785055160522,0.8459547162055969,0.5050618648529053,0.5001117452799435,0.8,0.2,1.0220759113865556,0.04415182277311125,10.0,32.0,0.8200223490559888
ecommerce_f_060,ecommerce,f,unchanged,The product shall allow a player to position ships horizontally on their grid.,0,0,1,1.0,1,0,1.0,1,0,False,False,0,0,0,0,3.5,0.7,0.847029983997345,0.8588904142379761,0.49406978487968445,0.4998690850965007,0.8,0.2,1.0220759113865556,0.04415182277311125,10.0,32.0,0.6599738170193001
ecommerce_f_061,ecommerce,f,unchanged,The product shall allow the player to position ships vertically on their grid.,0,0,1,1.0,1,0,1.0,1,0,False,False,0,0,0,0,3.5,0.7,0.8430614471435547,0.8516089916229248,0.49572622776031494,0.4999056525827504,0.8,0.2,1.0220759113865556,0.04415182277311125,10.0,32.0,0.65998113051655
ecommerce_f_062,ecommerce,f,unchanged,The product shall allow the player to position ships diagonally on their grid,0,0,1,1.0,1,0,1.0,1,0,False,False,0,0,0,0,3.5,0.7,0.8272421360015869,0.838681161403656,0.49428048729896545,0.4998737365444377,0.8,0.2,1.0220759113865556,0.04415182277311125,10.0,32.0,0.6599747473088875
ecommerce_f_063,ecommerce,f,unchanged,The product shall prevent the player from overlapping ships on their grid.,0,0,1,1.0,1,0,1.0,1,0,False,False,0,0,0,0,3.0,0.6,0.8480561971664429,0.8463985919952393,0.5008288025856018,0.5000182965724367,0.8,0.2,1.0220759113865556,0.04415182277311125,10.0,32.0,0.5800036593144873
ecommerce_f_064,ecommerce,f,unchanged,When both players have positioned their 5 ships on their defensive grids  the product shall define the status of each player for the first turn.,1,0,0,1.0,1,0,1.0,1,0,False,False,1,0,0,0,3.0,0.6,0.8481122255325317,0.8309056758880615,0.5086032748222351,0.5001899251326098,0.8,0.2,1.0220759113865556,0.04415182277311125,10.0,32.0,0.5800379850265219
ecommerce_f_065,ecommerce,f,unchanged,For each turn  the product shall identify one player as offensive status and one player as defensive status.,0,0,0,1.0,1,0,1.0,1,0,False,False,0,0,0,0,2.0,0.4,0.8576885461807251,0.8518849611282349,0.5029017925262451,0.5000640597146716,0.8,0.2,1.0220759113865556,0.04415182277311125,10.0,32.0,0.4200128119429344
ecommerce_f_066,ecommerce,f,unchanged,The product shall maintain the status of each player for a turn  either offensive or defensive.,0,0,0,1.0,1,0,1.0,1,0,False,False,0,0,0,0,2.0,0.4,0.8586230278015137,0.8579728007316589,0.500325083732605,0.5000071765196742,0.8,0.2,1.0220759113865556,0.04415182277311125,10.0,32.0,0.4200014353039349
ecommerce_f_067,ecommerce,f,unchanged,At the start of each turn  the product shall notify each player of his or her status.,0,0,0,1.0,1,0,1.0,1,0,False,False,0,0,0,0,2.25,0.45,0.8532059192657471,0.8564053773880005,0.4984002709388733,0.4999646845230041,0.8,0.2,1.0220759113865556,0.04415182277311125,10.0,32.0,0.45999293690460086
ecommerce_f_068,ecommerce,f,unchanged,For each turn  the product shall allow the offensive player to define a shot.,0,0,1,1.0,1,0,1.0,1,0,False,False,0,0,0,0,3.5,0.7,0.846561074256897,0.854766309261322,0.4958973824977875,0.49990943097956825,0.8,0.2,1.0220759113865556,0.04415182277311125,10.0,32.0,0.6599818861959136
ecommerce_f_069,ecommerce,f,unchanged,For each shot  the product shall examine the defensive grid of the defensive player to determine whether the shot was a hit or miss.,0,0,1,1.0,1,0,1.0,1,0,False,False,0,0,0,0,3.0,0.6,0.8426615595817566,0.8488587737083435,0.49690139293670654,0.499931595425049,0.8,0.2,1.0220759113865556,0.04415182277311125,10.0,32.0,0.5799863190850097
ecommerce_f_070,ecommerce,f,unchanged,For each shot  the product shall notify the players whether the shot was a hit or miss.,0,0,0,1.0,1,0,1.0,1,0,False,False,0,0,0,0,2.25,0.45,0.8444018363952637,0.8578321933746338,0.49328482151031494,0.4998517563147168,0.8,0.2,1.0220759113865556,0.04415182277311125,10.0,32.0,0.4599703512629434
ecommerce_f_071,ecommerce,f,unchanged,For each shot  the product shall mark the shot as a hit or miss on the defensive grid of the defensive player.,0,0,0,1.0,1,0,1.0,1,0,False,False,0,0,0,0,2.0,0.4,0.8427559733390808,0.8467846512794495,0.4979856610298157,0.4999555316313917,0.8,0.2,1.0220759113865556,0.04415182277311125,10.0,32.0,0.4199911063262784
ecommerce_f_072,ecommerce,f,unchanged,For each shot  the product shall mark the shot as a hit or miss on the offensive grid of the offensive player.,0,0,0,1.0,1,0,1.0,1,0,False,False,0,0,0,0,2.0,0.4,0.8438243865966797,0.8495562076568604,0.49713408946990967,0.49993673241309594,0.8,0.2,1.0220759113865556,0.04415182277311125,10.0,32.0,0.41998734648261926
ecommerce_f_073,ecommerce,f,unchanged,When the hit results in sinking a ship  the product shall notify the players that the ship was sunk.,0,0,0,1.0,1,0,1.0,1,0,False,False,0,0,0,0,2.25,0.45,0.818541944026947,0.8148071765899658,0.501867413520813,0.5000412248554075,0.8,0.2,1.0220759113865556,0.04415182277311125,10.0,32.0,0.46000824497108156
ecommerce_f_074,ecommerce,f,unchanged,When the hit results in sinking a ship  the product shall mark the ship as sunk on the defensive grid of the defensive player.,0,0,0,1.0,1,0,1.0,1,0,False,False,0,0,0,0,2.0,0.4,0.8258180618286133,0.8146179914474487,0.5056000351905823,0.5001236258806289,0.8,0.2,1.0220759113865556,0.04415182277311125,10.0,32.0,0.4200247251761258
ecommerce_f_075,ecommerce,f,unchanged,When the hit results in sinking a ship  the product shall indicate the type of ship sunk on the defensive grid of the defensive player.,0,0,0,1.0,1,0,1.0,1,0,False,False,0,0,0,0,2.0,0.4,0.8251837491989136,0.8256674408912659,0.49975815415382385,0.4999946610325306,0.8,0.2,1.0220759113865556,0.04415182277311125,10.0,32.0,0.4199989322065062
ecommerce_f_076,ecommerce,f,unchanged,When the hit results in sinking a ship  the product shall mark the ship as sunk on the offensive grid of the offensive player.,0,0,0,1.0,1,0,1.0,1,0,False,False,0,0,0,0,2.0,0.4,0.8244929313659668,0.8143635392189026,0.5050647258758545,0.5001118084396325,0.8,0.2,1.0220759113865556,0.04415182277311125,10.0,32.0,0.42002236168792656
ecommerce_f_077,ecommerce,f,unchanged,If the shot was marked as a hit  the product shall allow the offensive player to define a shot.,0,0,1,1.0,1,0,1.0,1,0,False,False,0,0,0,0,3.5,0.7,0.8378065228462219,0.850832998752594,0.49348676204681396,0.49985621433610594,0.8,0.2,1.0220759113865556,0.04415182277311125,10.0,32.0,0.6599712428672211
ecommerce_f_078,ecommerce,f,unchanged,If the shot was marked as a miss  the product shall change the status of the offensive player to defensive,0,0,1,1.0,1,0,1.0,1,0,False,False,0,0,0,0,3.0,0.6,0.8196582794189453,0.8104596138000488,0.5045993328094482,0.5001015344635387,0.8,0.2,1.0220759113865556,0.04415182277311125,10.0,32.0,0.5800203068927077
ecommerce_f_079,ecommerce,f,unchanged,If the shot was marked as a miss  the product shall change the status of the defensive player to offensive,0,0,1,1.0,1,0,1.0,1,0,False,False,0,0,0,0,3.0,0.6,0.8177177906036377,0.808598518371582,0.5045596361160278,0.5001006581228523,0.8,0.2,1.0220759113865556,0.04415182277311125,10.0,32.0,0.5800201316245704
ecommerce_f_080,ecommerce,f,unchanged,The product shall continue to assign turns until the game is ended.,0,0,1,1.0,1,0,0.0,0,0,False,False,0,0,0,0,2.25,0.45,0.8519258499145508,0.8411730527877808,0.505376398563385,0.500118688898264,0.8,0.2,1.0220759113865556,0.04415182277311125,10.0,32.0,0.4600237377796529
ecommerce_f_081,ecommerce,f,unchanged,The product shall end a game when a hit by the offensive player results in sinking the last of the defensive players ships  which had not been previously marked as sunk.,0,0,0,1.0,1,0,1.0,1,0,False,False,0,0,0,0,2.0,0.4,0.8277837038040161,0.8148330450057983,0.5064753293991089,0.5001429487980135,0.8,0.2,1.0220759113865556,0.04415182277311125,10.0,32.0,0.4200285897596028
ecommerce_f_082,ecommerce,f,unchanged,The product shall allow a player to end a game at any time during the game.,0,0,1,1.0,1,0,1.0,1,0,False,False,0,0,0,0,3.5,0.7,0.8598472476005554,0.854089081287384,0.5028790831565857,0.5000635583846393,0.8,0.2,1.0220759113865556,0.04415182277311125,10.0,32.0,0.6600127116769279
ecommerce_f_083,ecommerce,f,unchanged,When a game is ended  the product shall notify the players that the game is ended.,0,0,0,1.0,1,0,1.0,1,0,False,False,0,0,0,0,2.25,0.45,0.8420241475105286,0.8499133586883545,0.49605539441108704,0.4999129192365642,0.8,0.2,1.0220759113865556,0.04415182277311125,10.0,32.0,0.4599825838473129
ecommerce_f_084,ecommerce,f,unchanged,When a game is ended  the product shall allow each player to identify himself or herself as an available player in the list of players.,0,0,1,1.0,1,0,1.0,1,0,False,False,0,0,0,0,3.5,0.7,0.8542002439498901,0.8664824366569519,0.4938589036464691,0.49986442970108313,0.8,0.2,1.0220759113865556,0.04415182277311125,10.0,32.0,0.6599728859402165
ecommerce_f_085,ecommerce,f,unchanged,When a game is ended  the product shall allow each player to remove himself or herself from the list of players.,0,0,2,1.0,1,0,1.0,1,0,False,False,0,0,0,0,4.5,0.9,0.8472565412521362,0.8483538627624512,0.49945133924484253,0.4999878878137879,0.8,0.2,1.0220759113865556,0.04415182277311125,10.0,32.0,0.8199975775627577
ecommerce_ft_001,ecommerce,ft,unchanged,The product shall operate in offline mode whenever internet connection is unavailable.,0,0,0,1.0,1,0,0.0,0,0,False,False,0,0,0,0,1.0,0.2,0.863433837890625,0.8660002946853638,0.4987167716026306,0.49997167156361094,0.8,0.2,1.0220759113865556,0.04415182277311125,10.0,32.0,0.25999433431272223
ecommerce_ft_002,ecommerce,ft,unchanged,The product shall allow the user to view previously downloaded search results  CMA reports  and appointments.,0,0,1,1.0,1,0,0.0,0,0,False,False,0,0,0,0,2.75,0.55,0.8643693327903748,0.8788210153579712,0.4927741587162018,0.49984048296812555,0.8,0.2,1.0220759113865556,0.04415182277311125,10.0,32.0,0.5399680965936252
ecommerce_ft_003,ecommerce,ft,unchanged,The product shall retain user preferences in the event of a failure.,0,0,0,1.0,1,0,0.0,0,0,False,False,0,0,0,0,1.0,0.2,0.866862416267395,0.8702936172485352,0.49828439950942993,0.49996212655559547,0.8,0.2,1.0220759113865556,0.04415182277311125,10.0,32.0,0.2599924253111191
ecommerce_ft_004,ecommerce,ft,unchanged,The product shall create an exception log of problems encountered within the product for transmission to our company for analysis and resolution.,0,0,2,1.0,1,0,0.0,0,0,False,False,0,0,0,0,3.25,0.65,0.8672507405281067,0.8748872876167297,0.4961817264556885,0.49991570813158615,0.8,0.2,1.0220759113865556,0.04415182277311125,10.0,32.0,0.6199831416263173
ecommerce_ft_005,ecommerce,ft,unchanged,The product and/or dependent databases/filesystems shall remain operational as a result of the input of malicious data.  The product and/or dependent databases/filesystems shall not crash 100% of the time that malicious data is input into the product.,1,0,1,1.0,1,0,0.0,0,0,False,False,1,0,0,0,3.0,0.6,0.8866990804672241,0.8605573177337646,0.5130708813667297,0.5002885516187962,0.8,0.2,1.0220759113865556,0.04415182277311125,10.0,32.0,0.5800577103237592
ecommerce_ft_006,ecommerce,ft,unchanged,The product shall be robust.The product shall have fault avoidance based on standards adoption.,0,0,0,1.0,1,0,0.0,0,0,False,False,0,0,0,0,1.0,0.2,0.8817648887634277,0.8900158405303955,0.4958745241165161,0.49990892635996886,0.8,0.2,1.0220759113865556,0.04415182277311125,10.0,32.0,0.2599817852719938
ecommerce_l_001,ecommerce,l,unchanged,The product must comply with Sarbanes-Oxley.,0,0,0,1.0,1,0,0.0,0,0,False,False,0,0,0,1,2.0,0.4,0.8587714433670044,0.8637436032295227,0.49751392006874084,0.49994511751973764,0.8,0.2,1.0220759113865556,0.04415182277311125,10.0,32.0,0.4199890235039476
ecommerce_l_002,ecommerce,l,unchanged,The product shall comply with the estimatics laws relating to recycled parts usage.,0,0,1,1.0,1,0,0.0,0,0,False,False,0,0,0,0,2.0,0.4,0.860527753829956,0.8568734526634216,0.5018271207809448,0.5000403353564526,0.8,0.2,1.0220759113865556,0.04415182277311125,10.0,32.0,0.42000806707129057
ecommerce_l_003,ecommerce,l,unchanged,The product shall comply with insurance regulations regarding claims processing.,0,0,0,1.0,1,0,0.0,0,0,False,False,0,0,0,0,1.0,0.2,0.8682252168655396,0.8720681667327881,0.49807852506637573,0.49995758168963383,0.8,0.2,1.0220759113865556,0.04415182277311125,10.0,32.0,0.25999151633792683
ecommerce_l_004,ecommerce,l,unchanged,IzognMovies shall meet the licensing requirements set forth by the appropriate organizations in order to stream African movies.,0,0,1,1.0,1,0,0.0,0,1,False,False,0,0,0,0,1.0,0.2,0.8397068977355957,0.8660290241241455,0.4868389368057251,0.4997094575351703,0.8,0.2,1.0220759113865556,0.04415182277311125,10.0,32.0,0.2599418915070341
ecommerce_lf_005,ecommerce,lf,merge_accept,The product shall have a conservative and professional appearance.,0,0,0,1.0,1,0,0.0,0,0,False,False,0,0,0,0,1.0,0.2,0.8556032776832581,0.8644137382507324,0.4955947697162628,0.49990275052661887,0.8,0.2,1.0220759113865556,0.04415182277311125,10.0,32.0,0.25998055010532384
ecommerce_lf_006,ecommerce,lf,unchanged,The product shall simulate the look of ships at sea.,0,0,0,1.0,1,0,0.0,0,0,False,False,0,0,0,0,1.0,0.2,0.8356596827507019,0.8454066514968872,0.49512651562690735,0.49989241339083584,0.8,0.2,1.0220759113865556,0.04415182277311125,10.0,32.0,0.2599784826781672
ecommerce_lf_007,ecommerce,lf,unchanged,The product shall display the grids within a circle as a view from a periscope.,0,0,2,1.0,1,0,0.0,0,0,False,False,0,0,0,0,3.25,0.65,0.8537143468856812,0.8686438798904419,0.49253523349761963,0.49983520847617213,0.8,0.2,1.0220759113865556,0.04415182277311125,10.0,32.0,0.6199670416952344
ecommerce_lf_008,ecommerce,lf,unchanged,The product shall display each type of ship in a grid using an image of the specific type of ship.,0,0,0,1.0,1,0,0.0,0,0,False,False,0,0,0,0,1.25,0.25,0.839094877243042,0.8540172576904297,0.49253880977630615,0.4998352874257835,0.8,0.2,1.0220759113865556,0.04415182277311125,10.0,32.0,0.29996705748515673
ecommerce_lf_009,ecommerce,lf,unchanged,When the offensive player takes a shot  the product shall simulate the sound of a ship at sea.,0,0,0,1.0,1,0,1.0,1,0,False,False,0,0,0,0,2.0,0.4,0.8276088237762451,0.833562970161438,0.49702292680740356,0.49993427839600896,0.8,0.2,1.0220759113865556,0.04415182277311125,10.0,32.0,0.41998685567920185
ecommerce_lf_010,ecommerce,lf,unchanged,When a shot is marked as a miss  the product shall simulate the sound of a shot missing its target.,0,0,0,1.0,1,0,0.0,0,0,False,False,0,0,0,0,1.0,0.2,0.8342281579971313,0.8428959846496582,0.4956660866737366,0.4999043249134524,0.8,0.2,1.0220759113865556,0.04415182277311125,10.0,32.0,0.2599808649826905
ecommerce_lf_011,ecommerce,lf,unchanged,When a shot is marked as a hit  the product shall simulate the sound of a shot hitting its target.,0,0,0,1.0,1,0,0.0,0,0,False,False,0,0,0,0,1.0,0.2,0.8384244441986084,0.8452820181846619,0.49657121300697327,0.49992430640217855,0.8,0.2,1.0220759113865556,0.04415182277311125,10.0,32.0,0.25998486128043574
ecommerce_lf_012,ecommerce,lf,unchanged,When a ship is sunk  the product shall simulate the sound of a sinking ship.,0,0,0,1.0,1,0,0.0,0,0,False,False,0,0,0,0,1.0,0.2,0.8209483027458191,0.823564887046814,0.49869170784950256,0.4999711182584179,0.8,0.2,1.0220759113865556,0.04415182277311125,10.0,32.0,0.2599942236516836
ecommerce_lf_013,ecommerce,lf,unchanged,The product shall provide GUI based Monitoring Services.System Administrators shall monitor message exchanges will predict and determine problems and will also provide internal and external support.,0,0,3,1.0,1,0,1.0,1,0,False,False,0,0,0,0,5.0,1.0,0.875470757484436,0.8775745034217834,0.4989481270313263,0.49997677894555365,0.8,0.2,1.0220759113865556,0.04415182277311125,10.0,32.0,0.8999953557891107
ecommerce_lf_014,ecommerce,lf,unchanged,The product shall comply with City of Chicago Application Development Guide Framework.Application Development Framework will provide structured Graphical User Interface.,0,0,0,1.0,1,0,0.0,0,0,False,False,0,0,0,0,1.0,0.2,0.8478226661682129,0.8565846681594849,0.495618999004364,0.49990328541023593,0.8,0.2,1.0220759113865556,0.04415182277311125,10.0,32.0,0.2599806570820472
ecommerce_lf_015,ecommerce,lf,unchanged,The product must comply with the intranet page standards and requirements of ENET Securities. 95% of the product look & feel will be approved by the Architecture group  prior to implementation. The remaining 5% will be corrected and approved within one month of product release.,2,1,2,1.0,1,0,0.0,0,0,False,False,1,1,0,0,6.0,1.0,0.8992472887039185,0.8580499887466431,0.5205986499786377,0.5004547339716111,0.8,0.2,1.0220759113865556,0.04415182277311125,10.0,32.0,0.9000909467943223
ecommerce_mn_001,ecommerce,mn,unchanged,The product must be designed using Design Patterns and coding best practices.  90% of maintenance software developers are able to integrate new functionality into the product with 2 working days.,2,0,2,1.0,1,0,1.0,1,0,False,False,1,0,0,0,6.0,1.0,0.9031422138214111,0.8482248783111572,0.527458667755127,0.5012123502323101,0.8,0.2,1.0220759113865556,0.04415182277311125,10.0,32.0,0.9002424700464621
ecommerce_mn_002,ecommerce,mn,unchanged,The product must be highly configurable for use with various database management systems for the end users.  80% of end users are able to integrate new database management systems with the product without changing the productï¿½s software code.,1,1,1,1.0,1,0,0.0,0,0,False,True,1,1,0,0,4.0,0.8,0.8852148056030273,0.8837660551071167,0.5007243752479553,0.5000159912437845,0.8,0.2,1.0220759113865556,0.04415182277311125,10.0,32.0,0.740003198248757
ecommerce_mn_004,ecommerce,mn,unchanged,The customer shall be able to easily integrate new building maps with the product throughout the products lifecycle.  Integration of new maps with the product shall be possible with little to no support from product support staff.,0,0,4,1.0,1,0,1.0,1,1,False,False,0,0,0,0,5.0,1.0,0.873070478439331,0.8716320991516113,0.5007191896438599,0.500015876766848,0.8,0.2,1.0220759113865556,0.04415182277311125,10.0,32.0,0.9000031753533697
ecommerce_mn_005,ecommerce,mn,unchanged,The product shall be expected to operate within the maximum maintenance budget for a minimum of 2 years.,1,0,4,1.0,1,0,0.0,0,0,False,False,1,0,0,0,6.0,1.0,0.898899495601654,0.8479339480400085,0.5254827737808228,0.5011251109117382,0.8,0.2,1.0220759113865556,0.04415182277311125,10.0,32.0,0.9002250221823477
ecommerce_mn_006,ecommerce,mn,unchanged,The product shall be internet browser independent.The product must run using Internet Explorer and Netscape Navigator.,0,0,1,1.0,1,0,0.0,0,0,False,False,0,0,0,0,2.0,0.4,0.874678373336792,0.8858350515365601,0.49442166090011597,0.4998768530803468,0.8,0.2,1.0220759113865556,0.04415182277311125,10.0,32.0,0.41997537061606943
ecommerce_mn_007,ecommerce,mn,unchanged,: The product shall continue to operate during upgrade  change or new resource addition.The product shall be able to continue to operate with no interruption in service due to new resource additions.,0,0,4,1.0,1,0,0.0,0,0,False,False,0,0,0,0,5.0,1.0,0.8842617273330688,0.8581815361976624,0.5130400657653809,0.5002878713363114,0.8,0.2,1.0220759113865556,0.04415182277311125,10.0,32.0,0.9000575742672623
ecommerce_mn_008,ecommerce,mn,merge_accept,The product shall be updated on a regular basis.The product will have a new major feature introduced every six months and quarterly maintenance releases every six months.,0,1,0,1.0,1,0,0.0,0,0,False,False,0,1,0,0,2.0,0.4,0.8999630212783813,0.8702027797698975,0.5148801207542419,0.5003284922271919,0.8,0.2,1.0220759113865556,0.04415182277311125,10.0,32.0,0.42006569844543845
ecommerce_mn_009,ecommerce,mn,unchanged,The product shall operate with every platform.The product shall accommodate any new technology without any change in its architecture.,0,0,0,1.0,1,0,0.0,0,0,False,False,0,0,0,0,1.0,0.2,0.8827364444732666,0.8871666193008423,0.49778491258621216,0.49995109992653974,0.8,0.2,1.0220759113865556,0.04415182277311125,10.0,32.0,0.25999021998530797
ecommerce_o_001,ecommerce,o,merge_accept,The product must support Internet Explorer 5.5 and above.,1,0,0,1.0,1,0,0.0,0,0,False,False,1,0,0,0,2.0,0.4,0.8632489442825317,0.8767935633659363,0.49322769045829773,0.49985049509467505,0.8,0.2,1.0220759113865556,0.04415182277311125,10.0,32.0,0.41997009901893506
ecommerce_o_003,ecommerce,o,unchanged,The product shall interface with the Choice Parts System.  This provides the feed of recycled parts data.,0,0,0,1.0,1,0,0.0,0,0,False,False,0,0,0,0,1.0,0.2,0.8573225140571594,0.8715972900390625,0.49286261200904846,0.4998424356551803,0.8,0.2,1.0220759113865556,0.04415182277311125,10.0,32.0,0.2599684871310361
ecommerce_o_004,ecommerce,o,unchanged,The product shall run on the existing hardware for all environments.,0,0,0,1.0,1,0,0.0,0,0,False,False,0,0,0,0,1.0,0.2,0.8591862320899963,0.8739545345306396,0.49261584877967834,0.49983698813199523,0.8,0.2,1.0220759113865556,0.04415182277311125,10.0,32.0,0.2599673976263991
ecommerce_o_005,ecommerce,o,unchanged,The product shall adhere to the corporate Architecture guidelines,0,0,1,1.0,1,0,0.0,0,0,False,False,0,0,0,0,2.0,0.4,0.8560105562210083,0.8639496564865112,0.49603044986724854,0.4999123685630249,0.8,0.2,1.0220759113865556,0.04415182277311125,10.0,32.0,0.41998247371260505
ecommerce_o_006,ecommerce,o,unchanged,For estimators  the product shall be able to be operated in a repair facility during dirty and noisy conditions.,0,0,2,1.0,1,0,1.0,1,0,False,False,0,0,0,0,4.0,0.8,0.8629196882247925,0.8522032499313354,0.5053582191467285,0.5001182875710729,0.8,0.2,1.0220759113865556,0.04415182277311125,10.0,32.0,0.7400236575142147
ecommerce_o_007,ecommerce,o,unchanged,The product shall interface with the ChoiceParts system once per day at approximately 1:00 AM.,2,1,0,1.0,1,0,0.0,0,0,False,False,1,1,1,0,4.0,0.8,0.8928630352020264,0.8694013953208923,0.5117307901382446,0.5002589678835861,0.8,0.2,1.0220759113865556,0.04415182277311125,10.0,32.0,0.7400517935767174
ecommerce_o_008,ecommerce,o,unchanged,The maintenance of the product will fall within the established corporate maintenance windows.,0,0,1,0.75,0,0,0.0,0,0,False,False,0,0,0,0,1.75,0.35,0.8628631234169006,0.8582229018211365,0.5023201107978821,0.500051218560381,0.8,0.2,1.0220759113865556,0.04415182277311125,10.0,32.0,0.3800102437120762
ecommerce_o_009,ecommerce,o,unchanged,The product shall be supported using the corporate support center.,0,0,0,1.0,1,0,0.0,0,0,False,False,0,0,0,0,1.0,0.2,0.8683987259864807,0.8857043981552124,0.49134716391563416,0.49980898075735913,0.8,0.2,1.0220759113865556,0.04415182277311125,10.0,32.0,0.25996179615147186
ecommerce_o_010,ecommerce,o,unchanged,Product installations and upgrades shall be handled by the middleware technology team within established launch time frames.,0,0,1,1.0,1,0,0.0,0,0,False,False,0,0,0,0,2.0,0.4,0.8828684091567993,0.8703159093856812,0.5062762498855591,0.5001385539363135,0.8,0.2,1.0220759113865556,0.04415182277311125,10.0,32.0,0.42002771078726275
ecommerce_o_011,ecommerce,o,unchanged,The product must work with most database management systems (DBMS) on the market  whether the DBMS is colocated with the product on the same machine or is located on a different machine on the computer network.,0,0,0,1.0,1,0,0.0,0,0,False,True,0,0,0,0,1.0,0.2,0.8756027221679688,0.8976119756698608,0.48899537324905396,0.499757062835004,0.8,0.2,1.0220759113865556,0.04415182277311125,10.0,32.0,0.25995141256700083
ecommerce_o_012,ecommerce,o,unchanged,The product will function alongside server software on any operating system where the Java runtime can be installed.,0,0,0,0.75,0,0,0.0,0,0,False,False,0,0,0,0,0.75,0.15,0.8476074934005737,0.8678202629089355,0.4898936152458191,0.49977689234572825,0.8,0.2,1.0220759113865556,0.04415182277311125,10.0,32.0,0.21995537846914565
ecommerce_o_013,ecommerce,o,unchanged,The product will require collaboration with a database management system (DBMS).  The DBMS may be located on the same machine as the product or on a separate machine residing on the same computer network.,0,0,0,0.75,0,0,0.0,0,0,False,False,0,0,0,0,0.75,0.15,0.8737704753875732,0.8968789577484131,0.4884457588195801,0.49974492959556216,0.8,0.2,1.0220759113865556,0.04415182277311125,10.0,32.0,0.21994898591911244
ecommerce_o_014,ecommerce,o,unchanged,The product must make use of web/application server technology.  Open source examples include Apache web server  Tomcat  and the JBoss application server.,0,0,1,1.0,1,0,0.0,0,0,False,False,0,0,0,0,2.0,0.4,0.8514362573623657,0.8633743524551392,0.4940309524536133,0.4998682278353038,0.8,0.2,1.0220759113865556,0.04415182277311125,10.0,32.0,0.41997364556706085
ecommerce_o_015,ecommerce,o,unchanged,A database management system such as Oracle  DB2  MySql or HSQL will need to be integrated with the product.,0,0,1,0.75,0,0,0.0,0,0,False,False,0,0,0,0,1.75,0.35,0.8537197113037109,0.8679688572883606,0.49287542700767517,0.49984271855795437,0.8,0.2,1.0220759113865556,0.04415182277311125,10.0,32.0,0.37996854371159083
ecommerce_o_016,ecommerce,o,unchanged,The product shall be used in office environments.,0,0,0,1.0,1,0,0.0,0,0,False,False,0,0,0,0,1.0,0.2,0.882655143737793,0.9035444259643555,0.48955535888671875,0.49976942502831884,0.8,0.2,1.0220759113865556,0.04415182277311125,10.0,32.0,0.2599538850056638
ecommerce_o_017,ecommerce,o,unchanged,The product must be able to interface with any HTML browser.  The product shall transmit data between the user and the product without problems. The product shall display HTML properly in 80% of all HTML browsers tested (minimum is to test 8 browsers).,2,0,4,1.0,1,0,0.0,0,0,False,False,1,0,0,0,7.25,1.0,0.8949453830718994,0.8806746006011963,0.5071353912353516,0.50015752026462,0.8,0.2,1.0220759113865556,0.04415182277311125,10.0,32.0,0.9000315040529241
ecommerce_o_018,ecommerce,o,unchanged,The product must be able to interface with various database management systems. The product shall communicate successfully with the database management system on 100% of all transactions.,1,0,1,1.0,1,0,0.0,0,0,False,True,1,0,0,0,3.0,0.6,0.8891477584838867,0.9000489115715027,0.494549423456192,0.49987967355521323,0.8,0.2,1.0220759113865556,0.04415182277311125,10.0,32.0,0.5799759347110427
ecommerce_o_019,ecommerce,o,unchanged,The product must be able to interface with various email servers. The product shall be able to send email.,0,0,2,1.0,1,0,0.0,0,0,False,True,0,0,0,0,3.25,0.65,0.8825474381446838,0.908855676651001,0.48684588074684143,0.49970961082899906,0.8,0.2,1.0220759113865556,0.04415182277311125,10.0,32.0,0.6199419221657998
ecommerce_o_020,ecommerce,o,unchanged,The product shall be available for distribution via the Internet as a binary or ZIP file.,0,0,0,1.0,1,0,0.0,0,0,False,False,0,0,0,0,1.0,0.2,0.8600435256958008,0.8750900030136108,0.49247676134109497,0.4998339176500261,0.8,0.2,1.0220759113865556,0.04415182277311125,10.0,32.0,0.25996678353000524
ecommerce_o_021,ecommerce,o,unchanged,The product shall be available for distribution as a packaged CD.,0,0,0,1.0,1,0,0.0,0,0,False,False,0,0,0,0,1.0,0.2,0.8482463955879211,0.8652079701423645,0.4915192127227783,0.4998127788915798,0.8,0.2,1.0220759113865556,0.04415182277311125,10.0,32.0,0.259962555778316
ecommerce_o_022,ecommerce,o,unchanged,The product will be available for licensing as a one-server  two-five servers  or five-or-more servers license.,0,0,0,0.75,0,0,0.0,0,0,True,False,0,0,0,0,0.75,0.15,0.885977029800415,0.9046142101287842,0.49068140983581543,0.49979428362928785,0.8,0.2,1.0220759113865556,0.04415182277311125,10.0,32.0,0.21995885672585758
ecommerce_o_023,ecommerce,o,unchanged,The product is expected to integrate with multiple database management systems.  The product will operate with Oracle  SQL Server  DB2  MySQL  HSQL  and MS Access.,0,1,1,0.75,0,0,0.0,0,0,False,True,0,1,0,0,2.75,0.55,0.850523829460144,0.8762645721435547,0.4871296286582947,0.49971587482274843,0.8,0.2,1.0220759113865556,0.04415182277311125,10.0,32.0,0.5399431749645498
ecommerce_o_025,ecommerce,o,unchanged,The product must be developed with the J2SE/J2EE programming language libraries,0,0,0,1.0,1,0,0.0,0,0,False,False,0,0,0,0,1.0,0.2,0.8439875841140747,0.8552740812301636,0.49435675144195557,0.49987542014490033,0.8,0.2,1.0220759113865556,0.04415182277311125,10.0,32.0,0.2599750840289801
ecommerce_o_026,ecommerce,o,merge_accept,The product shall be able to be installed in the specified environment within 1 working day.,1,0,2,1.0,1,0,0.0,0,0,False,False,1,0,0,0,4.0,0.8,0.9196836948394775,0.8834854364395142,0.5180991291999817,0.5003995547723926,0.8,0.2,1.0220759113865556,0.04415182277311125,10.0,32.0,0.7400799109544787
ecommerce_o_027,ecommerce,o,unchanged,The product shall be platform independent.The product shall enable access to any type of development environment and platform.,0,0,1,1.0,1,0,0.0,0,0,False,False,0,0,0,0,2.0,0.4,0.8749660849571228,0.8980811238288879,0.48844248056411743,0.49974485722508505,0.8,0.2,1.0220759113865556,0.04415182277311125,10.0,32.0,0.4199489714450171
ecommerce_o_028,ecommerce,o,unchanged,The product shall interface CSR and Datastream.The product shall exchange messages between CSR and EAM on a real time basis without any direct interfaces between two systems.,0,0,2,1.0,1,0,0.0,0,0,False,False,0,0,0,0,3.0,0.6,0.8702651262283325,0.8699862957000732,0.5001394152641296,0.5000030777190169,0.8,0.2,1.0220759113865556,0.04415182277311125,10.0,32.0,0.5800006155438033
ecommerce_o_029,ecommerce,o,unchanged,The RFS system should be able to easily interface with the BDW environment  in order to load the data.7 data files shall be received from the BDW and loaded into the RFS system within 3 hours one day prior to the start of budgeting process  every year. The data will be as of October month-end.         Test files (7) shall be loaded up to 5 times throughout the year  from the BDW.,4,3,10,1.0,1,0,0.0,0,1,False,False,1,1,1,0,17.25,1.0,0.8692554235458374,0.8246365785598755,0.522309422492981,0.5004925008340403,0.8,0.2,1.0220759113865556,0.04415182277311125,10.0,32.0,0.9000985001668081
ecommerce_pe_001,ecommerce,pe,unchanged,The product shall respond fast to keep up-to-date data in the display.,0,0,2,1.0,1,0,0.0,0,1,False,False,0,0,0,0,2.0,0.4,0.8878520727157593,0.8957860469818115,0.4960330128669739,0.4999124251435797,0.8,0.2,1.0220759113865556,0.04415182277311125,10.0,32.0,0.419982485028716
ecommerce_pe_003,ecommerce,pe,merge_accept,The product shall synchronize contacts and appointments in an acceptable time.,0,0,0,1.0,1,0,0.0,0,0,False,False,0,0,0,0,1.0,0.2,0.9003734588623047,0.8982577323913574,0.5010578632354736,0.5000233532950454,0.8,0.2,1.0220759113865556,0.04415182277311125,10.0,32.0,0.2600046706590091
ecommerce_pe_004,ecommerce,pe,unchanged,The product shall synchronize with the office system every hour.,0,0,0,1.0,1,0,0.0,0,0,False,False,0,0,0,0,1.0,0.2,0.8866913318634033,0.8802634477615356,0.5032139420509338,0.5000709506999179,0.8,0.2,1.0220759113865556,0.04415182277311125,10.0,32.0,0.2600141901399836
ecommerce_pe_005,ecommerce,pe,unchanged,Recreation of Inventory Quantity Adjustment for the period of previous 30 days shall take no more than 30min.,2,1,2,1.0,1,0,0.0,0,0,False,False,1,1,1,0,6.0,1.0,0.9005067944526672,0.8315320014953613,0.5344873666763306,0.5015226801014047,0.8,0.2,1.0220759113865556,0.04415182277311125,10.0,32.0,0.900304536020281
ecommerce_pe_006,ecommerce,pe,unchanged,Customer shall be able to check the status of their prepaid card  by entering in the PIN number  in under 5 seconds.,1,0,2,1.0,1,0,1.0,1,0,False,False,1,0,0,0,5.0,1.0,0.8777304887771606,0.8317575454711914,0.5229864716529846,0.5005074473113008,0.8,0.2,1.0220759113865556,0.04415182277311125,10.0,32.0,0.9001014894622602
ecommerce_pe_007,ecommerce,pe,unchanged,Izogn Administrator must be able to update the category listings on the website within 2 minutes.,1,0,3,1.0,1,0,1.0,1,0,False,False,1,0,0,0,6.25,1.0,0.8989706039428711,0.8558681011199951,0.521551251411438,0.5004757635164283,0.8,0.2,1.0220759113865556,0.04415182277311125,10.0,32.0,0.9000951527032857
ecommerce_pe_008,ecommerce,pe,unchanged,The product shall able to handle a large number of games simultaneously.,0,0,1,1.0,1,0,0.0,0,0,False,False,0,0,0,0,2.0,0.4,0.8667851686477661,0.8932472467422485,0.4867689609527588,0.49970791275444104,0.8,0.2,1.0220759113865556,0.04415182277311125,10.0,32.0,0.41994158255088826
ecommerce_pe_009,ecommerce,pe,unchanged,The product shall protect the identity of the players. The product shall provide players no access to information that might reveal the identity of another player.,0,0,1,1.0,1,0,1.0,1,0,False,False,0,0,0,0,3.0,0.6,0.8587934970855713,0.8620909452438354,0.4983512759208679,0.4999636029133282,0.8,0.2,1.0220759113865556,0.04415182277311125,10.0,32.0,0.5799927205826656
ecommerce_pe_010,ecommerce,pe,unchanged,The product shall provide Asynchronous Messaging.The product shall provide asynchronous messaging to enable parallel processing and reduce the overhead in communications,0,0,1,1.0,1,0,0.0,0,0,False,False,0,0,0,0,2.0,0.4,0.8729049563407898,0.8772358894348145,0.49783453345298767,0.4999521953523976,0.8,0.2,1.0220759113865556,0.04415182277311125,10.0,32.0,0.4199904390704796
ecommerce_pe_011,ecommerce,pe,unchanged,The product shall provide Multi-threading and Load Balancing.The product shall provide multi-threading technology as well as load balancing to overcome data load spikes and traffic.,0,0,1,1.0,1,0,0.0,0,0,False,False,0,0,0,0,2.0,0.4,0.879441499710083,0.8827844858169556,0.4983285069465637,0.4999631002674691,0.8,0.2,1.0220759113865556,0.04415182277311125,10.0,32.0,0.4199926200534939
ecommerce_pe_013,ecommerce,pe,merge_accept,The product shall poll the system for messages every second.The product shall poll the system for new messages at a maximum of every 1 second.,1,0,1,1.0,1,0,0.0,0,0,False,False,1,0,0,0,3.0,0.6,0.9066186547279358,0.8729591369628906,0.5168297290802002,0.5003715316078342,0.8,0.2,1.0220759113865556,0.04415182277311125,10.0,32.0,0.5800743063215669
ecommerce_pe_014,ecommerce,pe,unchanged,The product shall provide Dynamic Change Support and Transparent resource addition.The product shall support Transparent Resource addition and Dynamic Change support to provide scalability and avoid service interruptions of more than 1 day.,1,0,1,1.0,1,0,0.0,0,0,False,False,1,0,0,0,3.0,0.6,0.9061188697814941,0.876615583896637,0.514751672744751,0.5003256566203166,0.8,0.2,1.0220759113865556,0.04415182277311125,10.0,32.0,0.5800651313240633
ecommerce_pe_015,ecommerce,pe,unchanged,The product interface should be fast. The response time of the product interface should not exceed 2 seconds 90% of the time. For 10% of the time  the response time should not be more than 10 seconds.not be more than 10 seconds.,5,2,0,0.5,0,1,0.0,0,0,False,False,1,1,1,0,7.5,1.0,0.910680890083313,0.8613301515579224,0.5246753692626953,0.5005447312652738,0.8,0.2,1.0220759113865556,0.04415182277311125,10.0,32.0,0.9001089462530548
ecommerce_po_001,ecommerce,po,unchanged,The product is expected to run on Windows CE and Palm operating systems.,0,0,1,0.0,0,0,0.0,0,0,False,False,0,0,0,0,1.0,0.2,0.8461858034133911,0.8627012968063354,0.49174225330352783,0.49981770271567605,0.8,0.2,1.0220759113865556,0.04415182277311125,10.0,32.0,0.25996354054313525
ecommerce_sc_001,ecommerce,sc,unchanged,The product shall be able to support multiple remote users,0,0,1,1.0,1,0,0.0,0,0,False,True,0,0,0,0,2.0,0.4,0.8655705451965332,0.9067949056625366,0.4793878197669983,0.49954496733569254,0.8,0.2,1.0220759113865556,0.04415182277311125,10.0,32.0,0.41990899346713856
ecommerce_sc_002,ecommerce,sc,unchanged,The product shall be able support 1000 simultaneous users.,1,0,0,1.0,1,0,0.0,0,0,False,False,1,0,0,0,2.0,0.4,0.8864449858665466,0.8918805122375488,0.4972822368144989,0.49994000290074725,0.8,0.2,1.0220759113865556,0.04415182277311125,10.0,32.0,0.4199880005801495
ecommerce_sc_003,ecommerce,sc,unchanged,The product shall be capable of handling the existing 1000 users. This number is expected to grow 5 times within the next year.,2,0,2,1.0,1,0,0.0,0,0,False,False,1,0,0,0,5.0,1.0,0.9014253616333008,0.8890058994293213,0.5062097311019897,0.5001370854735419,0.8,0.2,1.0220759113865556,0.04415182277311125,10.0,32.0,0.9000274170947085
ecommerce_sc_004,ecommerce,sc,unchanged,The product shall be able to handle up to 1500 simultaneous users. The system shall perform with 1500 users as a time.,2,0,3,1.0,1,0,0.0,0,0,False,False,1,0,0,0,6.0,1.0,0.9149525165557861,0.8930133581161499,0.5109695792198181,0.5002421634588045,0.8,0.2,1.0220759113865556,0.04415182277311125,10.0,32.0,0.9000484326917609
ecommerce_sc_005,ecommerce,sc,unchanged,The product shall be able to handle 10 000 concurrent users within 2 years of the initial launch.,3,1,2,1.0,1,0,0.0,0,0,False,False,1,1,1,0,7.0,1.0,0.9089857339859009,0.8822240829467773,0.5133808255195618,0.5002953939184488,0.8,0.2,1.0220759113865556,0.04415182277311125,10.0,32.0,0.9000590787836898
ecommerce_sc_006,ecommerce,sc,unchanged,The product shall be capable of handling up to 1 000 concurrent requests.  This number will increase to 2 000 by Release 2.  The concurrency capacity must be able to handle peak scheduling times such as early morning and late afternoon hours.,5,0,4,1.0,1,0,0.0,0,0,False,False,1,0,0,0,10.0,1.0,0.9078936576843262,0.8620896339416504,0.5229020118713379,0.5005055827846455,0.8,0.2,1.0220759113865556,0.04415182277311125,10.0,32.0,0.9001011165569291
ecommerce_sc_007,ecommerce,sc,unchanged,The product shall be able to process 10 000 transactions per hour within two years of its launch.  This number will increase to 20 000 by Release 2.,5,2,3,1.0,1,0,0.0,0,0,False,False,1,1,1,0,11.0,1.0,0.919904887676239,0.8653297424316406,0.5272876024246216,0.501204797386155,0.8,0.2,1.0220759113865556,0.04415182277311125,10.0,32.0,0.900240959477231
ecommerce_sc_008,ecommerce,sc,unchanged,The product shall be expected to operate for at least 5 years for each customer installation.,1,1,3,1.0,1,0,1.0,1,0,False,False,1,1,1,0,7.0,1.0,0.9075609445571899,0.8699214458465576,0.5188197493553162,0.5004154631190851,0.8,0.2,1.0220759113865556,0.04415182277311125,10.0,32.0,0.900083092623817
ecommerce_sc_009,ecommerce,sc,unchanged,The language of the product shall accommodate all of the target market countries. 90% of survey respondents from each target market country will find that the language of the product is acceptable.,1,0,1,1.0,1,0,0.0,0,0,False,False,1,0,0,0,3.0,0.6,0.8790897727012634,0.8682667016983032,0.5054115056991577,0.5001194639202824,0.8,0.2,1.0220759113865556,0.04415182277311125,10.0,32.0,0.5800238927840564
ecommerce_sc_010,ecommerce,sc,unchanged,The product shall be able to process all transactions.The product shall process minimum of 1 million transactions per year.,1,0,2,1.0,1,0,0.0,0,0,False,False,1,0,0,0,4.0,0.8,0.9148958921432495,0.8725847005844116,0.521155595779419,0.5004670290577562,0.8,0.2,1.0220759113865556,0.04415182277311125,10.0,32.0,0.7400934058115514
ecommerce_se_002,ecommerce,se,unchanged,The product shall prevent its data from incorrect data being introduced.,0,0,1,1.0,1,0,0.0,0,0,False,False,0,0,0,0,2.0,0.4,0.8772454857826233,0.8802964687347412,0.49847450852394104,0.4999663233853536,0.8,0.2,1.0220759113865556,0.04415182277311125,10.0,32.0,0.41999326467707077
ecommerce_se_003,ecommerce,se,unchanged,The product shall free of computer viruses.,0,0,0,1.0,1,0,0.0,0,0,False,False,0,0,0,0,1.0,0.2,0.868041455745697,0.8797013759613037,0.49417003989219666,0.499871298317273,0.8,0.2,1.0220759113865556,0.04415182277311125,10.0,32.0,0.25997425966345467
ecommerce_se_004,ecommerce,se,merge_accept,The product shall ensure that only company employees or external users with company-approved user IDs may have product access.  100% of all logons shall be by either company employees or external users with company-approved user IDs.,1,0,0,1.0,1,0,0.0,0,0,False,False,1,0,0,0,2.0,0.4,0.8983334302902222,0.8774025440216064,0.5104654431343079,0.500231034195254,0.8,0.2,1.0220759113865556,0.04415182277311125,10.0,32.0,0.42004620683905086
ecommerce_se_005,ecommerce,se,unchanged,The product shall ensure that the databases data corresponds to the data entered by the user.  Each conference room reservation in the system will contain the same information as was entered by the user.,0,0,1,1.0,1,0,0.0,0,0,False,False,0,0,0,0,2.0,0.4,0.878553032875061,0.8947588205337524,0.4918971061706543,0.4998211212338487,0.8,0.2,1.0220759113865556,0.04415182277311125,10.0,32.0,0.4199642242467698
ecommerce_se_006,ecommerce,se,unchanged,The product shall prevent the input of malicious data.  The product and/or adjacent hardware/software systems data shall remain 100% uncorrupted each time malicious data is input into the product.,1,0,1,1.0,1,0,0.0,0,0,False,False,1,0,0,0,3.0,0.6,0.885790228843689,0.8662059903144836,0.5097920894622803,0.5002161692992585,0.8,0.2,1.0220759113865556,0.04415182277311125,10.0,32.0,0.5800432338598517
ecommerce_se_007,ecommerce,se,unchanged,The product shall have the ability to receive automatic software updates as new threats emerge.  100% of customers will be able to receive automatic software updates transmitted to the installed product.,1,0,6,1.0,1,0,1.0,1,0,False,False,1,0,0,0,9.25,1.0,0.8922646045684814,0.8712702989578247,0.5104971528053284,0.5002317342151416,0.8,0.2,1.0220759113865556,0.04415182277311125,10.0,32.0,0.9000463468430284
ecommerce_se_008,ecommerce,se,unchanged,Only registered customers can purchase streaming movies.,0,0,1,0.5,0,1,1.0,1,0,False,False,0,0,0,0,2.5,0.5,0.8211569786071777,0.8174411654472351,0.5018578767776489,0.5000410143231105,0.8,0.2,1.0220759113865556,0.04415182277311125,10.0,32.0,0.5000082028646221
ecommerce_se_009,ecommerce,se,unchanged,A customer can only stream a movie if they purchased it  and are within the 2 day viewing period.,1,1,2,0.5,0,1,1.0,1,0,False,False,1,1,1,0,5.5,1.0,0.8553208708763123,0.8269693851470947,0.5141757726669312,0.5003129431012311,0.8,0.2,1.0220759113865556,0.04415182277311125,10.0,32.0,0.9000625886202462
ecommerce_se_010,ecommerce,se,unchanged,Only authorized personnel can access customer records in the database.,0,0,1,0.5,0,1,1.0,1,0,False,False,0,0,0,0,2.5,0.5,0.8358784317970276,0.8200757503509521,0.5079013109207153,0.5001744286397234,0.8,0.2,1.0220759113865556,0.04415182277311125,10.0,32.0,0.5000348857279447
ecommerce_se_011,ecommerce,se,unchanged,All customer information will be stored on a secure database  accessible only to authorized personnel.,0,0,3,0.75,0,0,1.0,1,0,False,False,0,0,0,0,4.75,0.95,0.8440021276473999,0.8337773680686951,0.5051124095916748,0.5001128611011176,0.8,0.2,1.0220759113865556,0.04415182277311125,10.0,32.0,0.8600225722202235
ecommerce_se_012,ecommerce,se,unchanged,The product shall provide players no access to information that might reveal the identity of another player,0,0,1,1.0,1,0,1.0,1,0,False,False,0,0,0,0,3.0,0.6,0.8229760527610779,0.831913411617279,0.4955313205718994,0.4999013498289303,0.8,0.2,1.0220759113865556,0.04415182277311125,10.0,32.0,0.5799802699657861
ecommerce_se_015,ecommerce,se,merge_accept,The product shall ensure that only supervisors can view schedule of all callers.The product must ensure that supervisors are allowed to access advertise empty time slots.,0,0,1,1.0,1,0,1.0,1,0,False,False,0,0,0,0,3.75,0.75,0.8811707496643066,0.8748002052307129,0.5031852722167969,0.5000703177872,0.8,0.2,1.0220759113865556,0.04415182277311125,10.0,32.0,0.7000140635574401
ecommerce_se_017,ecommerce,se,merge_accept,The product shall information Security. The product shall enable privacy by encryption WS-Security and Integrity Checking.,0,0,0,1.0,1,0,0.0,0,0,False,False,0,0,0,0,1.0,0.2,0.873009443283081,0.8746890425682068,0.49916020035743713,0.4999814606575083,0.8,0.2,1.0220759113865556,0.04415182277311125,10.0,32.0,0.2599962921315017
ecommerce_se_018,ecommerce,se,unchanged,Each team owner will need to use a username and password in order to be authenticated to reach the team owners page,0,0,3,0.75,0,0,0.0,0,0,False,False,0,0,0,0,3.75,0.75,0.8161042928695679,0.8071001768112183,0.5045020580291748,0.5000993870341092,0.8,0.2,1.0220759113865556,0.04415182277311125,10.0,32.0,0.7000198774068219
ecommerce_us_001,ecommerce,us,unchanged,The product shall be intuitive and self-explanatory.  :  90% of new users shall be able to start the display of Events or Activities within 90 minutes of using the product.,2,1,3,1.0,1,0,0.0,0,0,False,False,1,1,1,0,7.25,1.0,0.9363915324211121,0.9032590985298157,0.5165662169456482,0.5003657143373026,0.8,0.2,1.0220759113865556,0.04415182277311125,10.0,32.0,0.9000731428674605
ecommerce_us_002,ecommerce,us,unchanged,The product shall be easy for a realtor to learn.,0,0,2,1.0,1,0,1.0,1,1,False,False,0,0,0,0,3.0,0.6,0.8480373620986938,0.8622198104858398,0.492908775806427,0.4998434547630805,0.8,0.2,1.0220759113865556,0.04415182277311125,10.0,32.0,0.579968690952616
ecommerce_us_003,ecommerce,us,unchanged,The product shall be installed by an untrained realtor   without recourse to separately-printed instructions.,0,0,2,1.0,1,0,1.0,1,0,False,False,0,0,0,0,4.0,0.8,0.8417781591415405,0.8415226340293884,0.5001277923583984,0.5000028211327798,0.8,0.2,1.0220759113865556,0.04415182277311125,10.0,32.0,0.7400005642265561
ecommerce_us_004,ecommerce,us,unchanged,90% of untrained realtors shall be able to install the product on their device without printed instructions,1,0,2,1.0,1,0,1.0,1,0,False,False,1,0,0,0,5.0,1.0,0.863648533821106,0.8483838438987732,0.5076323747634888,0.5001684916289477,0.8,0.2,1.0220759113865556,0.04415182277311125,10.0,32.0,0.9000336983257896
ecommerce_us_005,ecommerce,us,unchanged,The product shall be easy to use by Adjusters and Collision Estimators.  95% of Adjusters and Collision Estimators shall find the product easy to use.,1,0,4,1.0,1,0,1.0,1,2,False,False,1,0,0,0,5.0,1.0,0.8777356147766113,0.8571675419807434,0.5102840662002563,0.5002270301341303,0.8,0.2,1.0220759113865556,0.04415182277311125,10.0,32.0,0.9000454060268261
ecommerce_us_006,ecommerce,us,unchanged,The product shall increase productivity of Collision Estimators. 80% of the Collision Estimators shall agree their productivity has increase within 1 month of using the product.,2,1,3,1.0,1,0,1.0,1,0,False,False,1,1,1,0,8.0,1.0,0.9055445194244385,0.8520676493644714,0.5267384052276611,0.5011805493288474,0.8,0.2,1.0220759113865556,0.04415182277311125,10.0,32.0,0.9002361098657695
ecommerce_us_007,ecommerce,us,unchanged,Users shall feel satisfied using the product.  85% of all users will be satisfied with the product.,1,0,0,1.0,1,0,0.0,0,0,False,False,1,0,0,0,2.0,0.4,0.89630526304245,0.8676099181175232,0.5143476724624634,0.5003167379458847,0.8,0.2,1.0220759113865556,0.04415182277311125,10.0,32.0,0.420063347589177
ecommerce_us_008,ecommerce,us,unchanged,The product shall be easy to learn by Adjusters and Collision Estimators.  The product shall be learned with two days onsite training,0,1,2,1.0,1,0,1.0,1,1,False,False,0,1,0,0,4.0,0.8,0.880450963973999,0.8571977615356445,0.5116266012191772,0.5002566678182414,0.8,0.2,1.0220759113865556,0.04415182277311125,10.0,32.0,0.7400513335636484
ecommerce_us_009,ecommerce,us,unchanged,The user shall easily locate instructions while using the product.  User help can be found within 90% of the system.,1,0,1,1.0,1,0,0.0,0,1,False,False,1,0,0,0,2.0,0.4,0.8873428106307983,0.8772468566894531,0.5050479769706726,0.5001114386922859,0.8,0.2,1.0220759113865556,0.04415182277311125,10.0,32.0,0.42002228773845723
ecommerce_us_010,ecommerce,us,unchanged,The product shall make the users want to use it. 80% of the users surveyed report they are regularly using the product after the first 2 weeks post-launch.,2,1,1,1.0,1,0,0.0,0,1,False,False,1,1,1,0,4.0,0.8,0.903002142906189,0.8601895570755005,0.5214062929153442,0.5004725634255138,0.8,0.2,1.0220759113865556,0.04415182277311125,10.0,32.0,0.7400945126851028
ecommerce_us_011,ecommerce,us,unchanged,The product shall be easy to use. 90% of users will be able to successfully reserve a conference room within 5 minutes of product use.,2,1,3,1.0,1,0,0.0,0,0,False,False,1,1,1,0,7.25,1.0,0.9170762300491333,0.8918710947036743,0.5126025676727295,0.5002782131671862,0.8,0.2,1.0220759113865556,0.04415182277311125,10.0,32.0,0.9000556426334373
ecommerce_us_012,ecommerce,us,unchanged,The product shall give users feedback when necessary. 80% of the users surveyed report that the product accurately confirms their actions.,1,0,0,1.0,1,0,0.0,0,0,False,False,1,0,0,0,2.0,0.4,0.8809916377067566,0.8666114807128906,0.5071901082992554,0.5001587281936741,0.8,0.2,1.0220759113865556,0.04415182277311125,10.0,32.0,0.4200317456387349
ecommerce_us_013,ecommerce,us,unchanged,The product shall allow the user to select a chosen language from one of the target market countries.,0,0,2,1.0,1,0,0.0,0,0,False,False,0,0,0,0,3.5,0.7,0.8589527606964111,0.8901320099830627,0.4844103753566742,0.49965584482782427,0.8,0.2,1.0220759113865556,0.04415182277311125,10.0,32.0,0.6599311689655648
ecommerce_us_014,ecommerce,us,unchanged,The product shall allow for customization of start page and views preferences.,0,0,1,1.0,1,0,0.0,0,0,False,False,0,0,0,0,2.25,0.45,0.8731488585472107,0.8876472115516663,0.4927508234977722,0.4998399678219113,0.8,0.2,1.0220759113865556,0.04415182277311125,10.0,32.0,0.45996799356438234
ecommerce_us_015,ecommerce,us,unchanged,An employee will be able to successfully use the product within a few minutes.  After informally navigating the product for less than 15 minutes  users shall be able to successfully setup meetings and reserve conference rooms.,1,1,4,1.0,1,0,0.0,0,0,False,False,1,1,1,0,7.25,1.0,0.9276576042175293,0.8952692747116089,0.5161941647529602,0.5003575009460657,0.8,0.2,1.0220759113865556,0.04415182277311125,10.0,32.0,0.9000715001892132
ecommerce_us_017,ecommerce,us,unchanged,The product shall allow for intuitive searching of available conference rooms.,0,0,0,1.0,1,0,0.0,0,1,False,False,0,0,0,0,0.0,0.0,0.8495348691940308,0.9106775522232056,0.4694286584854126,0.49865021954751165,0.8,0.2,1.0220759113865556,0.04415182277311125,10.0,32.0,0.09973004390950234
ecommerce_us_018,ecommerce,us,unchanged,The product shall conform to the Americans with Disabilities Act.,0,0,1,1.0,1,0,0.0,0,0,False,False,0,0,0,0,2.0,0.4,0.8673231601715088,0.8784617185592651,0.4944307208061218,0.499877053086029,0.8,0.2,1.0220759113865556,0.04415182277311125,10.0,32.0,0.4199754106172059
ecommerce_us_019,ecommerce,us,unchanged,The product shall be translated into foreign languages other than the target market countries languages in future releases.  For each emerging target market  it shall take no more than 5 days to configure the product for that marketï¿½s language.,1,2,3,1.0,1,0,0.0,0,0,False,False,1,1,1,0,7.0,1.0,0.91064453125,0.8713895082473755,0.5196275115013123,0.5004332952046415,0.8,0.2,1.0220759113865556,0.04415182277311125,10.0,32.0,0.9000866590409283
ecommerce_us_020,ecommerce,us,unchanged,The product shall be able to display calendar dates and times according to the users locale.  90% of survey respondents from each target market country will find that the date and time formatting of the product is correct.,1,0,3,1.0,1,0,0.0,0,0,False,False,1,0,0,0,5.25,1.0,0.8919923305511475,0.8747219443321228,0.5086351633071899,0.5001906290999779,0.8,0.2,1.0220759113865556,0.04415182277311125,10.0,32.0,0.9000381258199956
ecommerce_us_021,ecommerce,us,unchanged,The product should be able to be used by 90% of novice users on the Internet.,1,0,1,0.5,0,1,0.0,0,0,False,False,1,0,0,0,2.5,0.5,0.8786236047744751,0.8783366680145264,0.5001434683799744,0.5000031671952431,0.8,0.2,1.0220759113865556,0.04415182277311125,10.0,32.0,0.5000006334390487
ecommerce_us_022,ecommerce,us,unchanged,The product shall retain the customers buying preferences and information.,0,0,1,1.0,1,0,1.0,1,0,False,False,0,0,0,0,3.0,0.6,0.873206377029419,0.8876862525939941,0.4927600622177124,0.49984017177507406,0.8,0.2,1.0220759113865556,0.04415182277311125,10.0,32.0,0.5799680343550148
ecommerce_us_023,ecommerce,us,unchanged,The product shall be easy for customers with novice skills on the  Internet to purchase and watch streaming movies.  Customers should be able to purchase and watch a pre-determined movie in under 3 minutes.,1,0,4,1.0,1,0,1.0,1,1,False,False,1,0,0,0,6.0,1.0,0.8900083303451538,0.8576092720031738,0.51619952917099,0.5003576193704827,0.8,0.2,1.0220759113865556,0.04415182277311125,10.0,32.0,0.9000715238740966
ecommerce_us_024,ecommerce,us,merge_accept,The product shall use symbols and words that are naturally understandable by users familiar with websites,0,0,0,1.0,1,0,0.0,0,0,False,False,0,0,0,0,1.0,0.2,0.8629605174064636,0.8775367140769958,0.4927119016647339,0.49983910858697417,0.8,0.2,1.0220759113865556,0.04415182277311125,10.0,32.0,0.25996782171739485
ecommerce_us_025,ecommerce,us,unchanged,The product shall be intuitive and self-explanatory.  Nine out ten users shall be able to successfully complete a game with no training.,0,0,2,1.0,1,0,0.0,0,1,False,False,0,0,0,0,2.0,0.4,0.8862488269805908,0.8977080583572388,0.494270384311676,0.49987351351178555,0.8,0.2,1.0220759113865556,0.04415182277311125,10.0,32.0,0.41997470270235715
ecommerce_us_026,ecommerce,us,unchanged,The product shall be available to players who understand English  Spanish and French.  The product shall allow the user to select the language upon accessing the product.,0,0,2,1.0,1,0,1.0,1,0,False,False,0,0,0,0,4.5,0.9,0.8682722449302673,0.889453649520874,0.48940929770469666,0.49976620059460747,0.8,0.2,1.0220759113865556,0.04415182277311125,10.0,32.0,0.8199532401189216
ecommerce_us_027,ecommerce,us,unchanged,The product shall provide Monitoring Services.The product shall be easy for System Administrators and DBAs to use after two weeks of usage.,0,1,3,1.0,1,0,1.0,1,1,False,False,0,1,0,0,5.0,1.0,0.9126014709472656,0.8879448175430298,0.5123283267021179,0.5002721590478204,0.8,0.2,1.0220759113865556,0.04415182277311125,10.0,32.0,0.9000544318095641
ecommerce_us_028,ecommerce,us,unchanged,The product shall provide Portals.The product shall help System Administrators to analyze the transactions with ad-hoc reporting and KPIs (Key Performance Indicators),0,1,3,1.0,1,0,1.0,1,0,False,False,0,1,0,0,6.0,1.0,0.879983127117157,0.8810003995895386,0.4994913637638092,0.49998877139152187,0.8,0.2,1.0220759113865556,0.04415182277311125,10.0,32.0,0.8999977542783044
ecommerce_us_029,ecommerce,us,unchanged,The users should be able to easily use the system to successfully complete their budgets  within the stipulated time for completion. With a week of training prior to product implementation  98% of the users shall complete their budgets within the stipulated time.,1,1,5,1.0,1,0,0.0,0,1,False,False,1,1,0,0,7.0,1.0,0.9144251346588135,0.867969274520874,0.5232279300689697,0.5005127777258956,0.8,0.2,1.0220759113865556,0.04415182277311125,10.0,32.0,0.9001025555451792
